epoch,train_loss,val_loss
1,5.608575280998087,4.301021918654442
2,3.8384167890433045,3.5208510756492615
3,3.2506039726169003,3.1266008615493774
4,2.9182751998880336,2.9348633885383606
5,2.7030203281978786,2.7811638563871384
6,2.47333379288624,2.6592221930623055
7,2.275919760469565,2.560400865972042
8,2.1141371780877076,2.5043749138712883
