epoch,train_loss,val_loss
1,5.609546734190565,4.300712458789349
2,3.8387183740882915,3.5289553701877594
3,3.2524208720227192,3.1330355033278465
4,2.9182476066833294,2.932493470609188
5,2.7030311858378013,2.789316400885582
6,2.4735070035896594,2.6380877792835236
7,2.2741150940134873,2.545017071068287
8,2.1165449499689624,2.5070184394717216
