epoch,train_loss,val_loss
1,5.60934369408966,4.2989440858364105
2,3.8394486475674294,3.5314159020781517
3,3.2527166238299015,3.1255377680063248
4,2.9187454811924742,2.927969329059124
5,2.7051769735531876,2.799288921058178
6,2.4721780573782874,2.6707456782460213
7,2.2742950855831325,2.564953029155731
8,2.1146315725267657,2.4991077855229378
